{"frames": [

{
	"filename": "achievementsButton",
	"frame": {"x":1230,"y":76,"w":68,"h":76},
	"rotated": false,
	"trimmed": false,
	"spriteSourceSize": {"x":0,"y":0,"w":68,"h":76},
	"sourceSize": {"w":68,"h":76}
},
{
	"filename": "arrowButton",
	"frame": {"x":1383,"y":76,"w":55,"h":88},
	"rotated": false,
	"trimmed": false,
	"spriteSourceSize": {"x":0,"y":0,"w":55,"h":88},
	"sourceSize": {"w":55,"h":88}
},
{
	"filename": "button_active",
	"frame": {"x":673,"y":76,"w":237,"h":74},
	"rotated": false,
	"trimmed": false,
	"spriteSourceSize": {"x":0,"y":0,"w":237,"h":74},
	"sourceSize": {"w":237,"h":74}
},
{
	"filename": "button_inactive",
	"frame": {"x":912,"y":76,"w":237,"h":74},
	"rotated": false,
	"trimmed": false,
	"spriteSourceSize": {"x":0,"y":0,"w":237,"h":74},
	"sourceSize": {"w":237,"h":74}
},
{
	"filename": "buttonHuge_active",
	"frame": {"x":1111,"y":265,"w":237,"h":111},
	"rotated": false,
	"trimmed": false,
	"spriteSourceSize": {"x":0,"y":0,"w":237,"h":111},
	"sourceSize": {"w":237,"h":111}
},
{
	"filename": "buttonHuge_inactive",
	"frame": {"x":1350,"y":265,"w":237,"h":111},
	"rotated": false,
	"trimmed": false,
	"spriteSourceSize": {"x":0,"y":0,"w":237,"h":111},
	"sourceSize": {"w":237,"h":111}
},
{
	"filename": "buttonMiddle_active",
	"frame": {"x":372,"y":76,"w":132,"h":74},
	"rotated": false,
	"trimmed": false,
	"spriteSourceSize": {"x":0,"y":0,"w":132,"h":74},
	"sourceSize": {"w":132,"h":74}
},
{
	"filename": "buttonMiddle_inactive",
	"frame": {"x":1,"y":76,"w":131,"h":74},
	"rotated": false,
	"trimmed": false,
	"spriteSourceSize": {"x":0,"y":0,"w":131,"h":74},
	"sourceSize": {"w":131,"h":74}
},
{
	"filename": "buttonMidSmall_active",
	"frame": {"x":252,"y":76,"w":118,"h":74},
	"rotated": false,
	"trimmed": false,
	"spriteSourceSize": {"x":0,"y":0,"w":118,"h":74},
	"sourceSize": {"w":118,"h":74}
},
{
	"filename": "buttonMidSmall_inactive",
	"frame": {"x":134,"y":76,"w":116,"h":74},
	"rotated": false,
	"trimmed": false,
	"spriteSourceSize": {"x":0,"y":0,"w":116,"h":74},
	"sourceSize": {"w":116,"h":74}
},
{
	"filename": "buttonMinus_active",
	"frame": {"x":283,"y":1,"w":63,"h":42},
	"rotated": false,
	"trimmed": false,
	"spriteSourceSize": {"x":0,"y":0,"w":63,"h":42},
	"sourceSize": {"w":63,"h":42}
},
{
	"filename": "buttonMinus_inactive",
	"frame": {"x":348,"y":1,"w":64,"h":42},
	"rotated": false,
	"trimmed": false,
	"spriteSourceSize": {"x":0,"y":0,"w":64,"h":42},
	"sourceSize": {"w":64,"h":42}
},
{
	"filename": "buttonPlus_active",
	"frame": {"x":1785,"y":1,"w":64,"h":63},
	"rotated": false,
	"trimmed": false,
	"spriteSourceSize": {"x":0,"y":0,"w":64,"h":63},
	"sourceSize": {"w":64,"h":63}
},
{
	"filename": "buttonPlus_inactive",
	"frame": {"x":1851,"y":1,"w":63,"h":64},
	"rotated": false,
	"trimmed": false,
	"spriteSourceSize": {"x":0,"y":0,"w":63,"h":64},
	"sourceSize": {"w":63,"h":64}
},
{
	"filename": "buttonQuad_active",
	"frame": {"x":993,"y":166,"w":98,"h":97},
	"rotated": false,
	"trimmed": false,
	"spriteSourceSize": {"x":0,"y":0,"w":98,"h":97},
	"sourceSize": {"w":98,"h":97}
},
{
	"filename": "buttonQuad_inactive",
	"frame": {"x":1093,"y":166,"w":98,"h":97},
	"rotated": false,
	"trimmed": false,
	"spriteSourceSize": {"x":0,"y":0,"w":98,"h":97},
	"sourceSize": {"w":98,"h":97}
},
{
	"filename": "buttonSmall_active",
	"frame": {"x":589,"y":76,"w":82,"h":74},
	"rotated": false,
	"trimmed": false,
	"spriteSourceSize": {"x":0,"y":0,"w":82,"h":74},
	"sourceSize": {"w":82,"h":74}
},
{
	"filename": "buttonSmall_inactive",
	"frame": {"x":506,"y":76,"w":81,"h":74},
	"rotated": false,
	"trimmed": false,
	"spriteSourceSize": {"x":0,"y":0,"w":81,"h":74},
	"sourceSize": {"w":81,"h":74}
},
{
	"filename": "closeButton",
	"frame": {"x":1151,"y":76,"w":77,"h":76},
	"rotated": false,
	"trimmed": false,
	"spriteSourceSize": {"x":0,"y":0,"w":77,"h":76},
	"sourceSize": {"w":77,"h":76}
},
{
	"filename": "Ebene-1",
	"frame": {"x":325,"y":407,"w":396,"h":325},
	"rotated": false,
	"trimmed": false,
	"spriteSourceSize": {"x":0,"y":0,"w":396,"h":325},
	"sourceSize": {"w":396,"h":325}
},
{
	"filename": "historyButton",
	"frame": {"x":1041,"y":265,"w":68,"h":103},
	"rotated": false,
	"trimmed": false,
	"spriteSourceSize": {"x":0,"y":0,"w":68,"h":103},
	"sourceSize": {"w":68,"h":103}
},
{
	"filename": "hook",
	"frame": {"x":226,"y":1,"w":55,"h":41},
	"rotated": false,
	"trimmed": false,
	"spriteSourceSize": {"x":0,"y":0,"w":55,"h":41},
	"sourceSize": {"w":55,"h":41}
},
{
	"filename": "infoButton",
	"frame": {"x":993,"y":265,"w":46,"h":103},
	"rotated": false,
	"trimmed": false,
	"spriteSourceSize": {"x":0,"y":0,"w":46,"h":103},
	"sourceSize": {"w":46,"h":103}
},
{
	"filename": "label",
	"frame": {"x":1,"y":407,"w":322,"h":244},
	"rotated": false,
	"trimmed": false,
	"spriteSourceSize": {"x":0,"y":0,"w":322,"h":244},
	"sourceSize": {"w":322,"h":244}
},
{
	"filename": "labelBig",
	"frame": {"x":1118,"y":407,"w":646,"h":460},
	"rotated": false,
	"trimmed": false,
	"spriteSourceSize": {"x":0,"y":0,"w":646,"h":460},
	"sourceSize": {"w":646,"h":460}
},
{
	"filename": "labelMiddle",
	"frame": {"x":832,"y":407,"w":284,"h":437},
	"rotated": false,
	"trimmed": false,
	"spriteSourceSize": {"x":0,"y":0,"w":284,"h":437},
	"sourceSize": {"w":284,"h":437}
},
{
	"filename": "labelSmall",
	"frame": {"x":1589,"y":265,"w":325,"h":140},
	"rotated": false,
	"trimmed": false,
	"spriteSourceSize": {"x":0,"y":0,"w":325,"h":140},
	"sourceSize": {"w":325,"h":140}
},
{
	"filename": "lock",
	"frame": {"x":1916,"y":1,"w":60,"h":69},
	"rotated": false,
	"trimmed": false,
	"spriteSourceSize": {"x":0,"y":0,"w":60,"h":69},
	"sourceSize": {"w":60,"h":69}
},
{
	"filename": "logo",
	"frame": {"x":1,"y":948,"w":1413,"h":597},
	"rotated": false,
	"trimmed": false,
	"spriteSourceSize": {"x":0,"y":0,"w":1413,"h":597},
	"sourceSize": {"w":1413,"h":597}
},
{
	"filename": "progressBackBig",
	"frame": {"x":1025,"y":1,"w":378,"h":55},
	"rotated": false,
	"trimmed": false,
	"spriteSourceSize": {"x":0,"y":0,"w":378,"h":55},
	"sourceSize": {"w":378,"h":55}
},
{
	"filename": "progressBackSmall",
	"frame": {"x":821,"y":1,"w":202,"h":55},
	"rotated": false,
	"trimmed": false,
	"spriteSourceSize": {"x":0,"y":0,"w":202,"h":55},
	"sourceSize": {"w":202,"h":55}
},
{
	"filename": "progressBarBig",
	"frame": {"x":1405,"y":1,"w":378,"h":55},
	"rotated": false,
	"trimmed": false,
	"spriteSourceSize": {"x":0,"y":0,"w":378,"h":55},
	"sourceSize": {"w":378,"h":55}
},
{
	"filename": "progressBarSmall",
	"frame": {"x":617,"y":1,"w":202,"h":55},
	"rotated": false,
	"trimmed": false,
	"spriteSourceSize": {"x":0,"y":0,"w":202,"h":55},
	"sourceSize": {"w":202,"h":55}
},
{
	"filename": "settings",
	"frame": {"x":1300,"y":76,"w":81,"h":81},
	"rotated": false,
	"trimmed": false,
	"spriteSourceSize": {"x":0,"y":0,"w":81,"h":81},
	"sourceSize": {"w":81,"h":81}
},
{
	"filename": "settings_disabled",
	"frame": {"x":543,"y":1,"w":72,"h":54},
	"rotated": false,
	"trimmed": false,
	"spriteSourceSize": {"x":0,"y":0,"w":72,"h":54},
	"sourceSize": {"w":72,"h":54}
},
{
	"filename": "settings_enabled",
	"frame": {"x":469,"y":1,"w":72,"h":54},
	"rotated": false,
	"trimmed": false,
	"spriteSourceSize": {"x":0,"y":0,"w":72,"h":54},
	"sourceSize": {"w":72,"h":54}
},
{
	"filename": "shopButton",
	"frame": {"x":1978,"y":1,"w":64,"h":73},
	"rotated": false,
	"trimmed": false,
	"spriteSourceSize": {"x":0,"y":0,"w":64,"h":73},
	"sourceSize": {"w":64,"h":73}
},
{
	"filename": "sliderBack",
	"frame": {"x":1,"y":1,"w":223,"h":20},
	"rotated": false,
	"trimmed": false,
	"spriteSourceSize": {"x":0,"y":0,"w":223,"h":20},
	"sourceSize": {"w":223,"h":20}
},
{
	"filename": "sliderKnob",
	"frame": {"x":414,"y":1,"w":53,"h":53},
	"rotated": false,
	"trimmed": false,
	"spriteSourceSize": {"x":0,"y":0,"w":53,"h":53},
	"sourceSize": {"w":53,"h":53}
},
{
	"filename": "uiLabelBot",
	"frame": {"x":1,"y":265,"w":990,"h":100},
	"rotated": false,
	"trimmed": false,
	"spriteSourceSize": {"x":0,"y":0,"w":990,"h":100},
	"sourceSize": {"w":990,"h":100}
},
{
	"filename": "uiLabelLeft",
	"frame": {"x":723,"y":407,"w":107,"h":397},
	"rotated": false,
	"trimmed": false,
	"spriteSourceSize": {"x":0,"y":0,"w":107,"h":397},
	"sourceSize": {"w":107,"h":397}
},
{
	"filename": "uiLabelRight",
	"frame": {"x":1766,"y":407,"w":252,"h":539},
	"rotated": false,
	"trimmed": false,
	"spriteSourceSize": {"x":0,"y":0,"w":252,"h":539},
	"sourceSize": {"w":252,"h":539}
},
{
	"filename": "uiLabelTop",
	"frame": {"x":1,"y":166,"w":990,"h":92},
	"rotated": false,
	"trimmed": false,
	"spriteSourceSize": {"x":0,"y":0,"w":990,"h":92},
	"sourceSize": {"w":990,"h":92}
}],
"meta": {
	"app": "https://www.codeandweb.com/texturepacker",
	"version": "1.0",
	"image": "ui.png",
	"format": "RGBA8888",
	"size": {"w":2048,"h":2048},
	"scale": "1",
	"smartupdate": "$TexturePacker:SmartUpdate:8e81209e18c5dab1d42b47b66d330a57:e058f991b8717aab794495568b290102:5b04aa198265472a3c5f56958d78e97b$"
}
}
